First_Citizen,All,Second_Citizen,MENENIUS,MARCIUS
0.0,0.21739130434782608,0.17391304347826086,0.5652173913043478,0.043478260869565216
0.6666666666666666,0.0,0.3333333333333333,0.0,0.0
0.8333333333333334,0.16666666666666666,0.0,0.0,0.0
0.7058823529411765,0.0,0.0,0.0,0.29411764705882354
0.2,0.0,0.0,0.8,0.0
